Timestamp,Original Text,Link,Info Bites,Eval Explanation,Eval Rating
2024-08-12 14:38:14,"dope article on how to build a good benchmark

<https://www.safe.ai/blog/devising-ml-metrics>",https://www.safe.ai/blog/devising-ml-metrics,"Devising Effective ML Metrics üìä | Dan Hendrycks and Thomas Woodside from CAIS dive into the essentials of creating impactful benchmarks for machine learning. They emphasize that well-defined metrics are crucial for driving progress in AI research. | Key takeaways: | - Clear evaluation is vital. Use large datasets and standard metrics to ensure reliability. | - Minimize barriers to entry by providing user-friendly software and documentation. | - Avoid complex combinations of modalities to keep benchmarks accessible. | For AI developers, understanding these principles can lead to better benchmarking practices, ultimately enhancing the performance and reliability of your models. | Explore more on ML metrics: https://cais.ai/blog/devise-ml-metrics","The response is concise and informative without using overly promotional language. It provides clear points regarding effective ML metrics while avoiding vague or general claims. However, it includes some stylistic elements that can come off as slightly promotional, particularly in the concluding statement about enhancing performance and reliability. A more neutral phrasing would improve it.",4
2024-08-12 14:38:14,"dope article on how to build a good benchmark

<https://www.safe.ai/blog/devising-ml-metrics>",https://www.safe.ai/blog/devising-ml-metrics,"Metrics are the backbone of machine learning. The recent insights by Dan Hendrycks and Thomas Woodside on devising ML metrics highlight the critical role benchmarks play in influencing research and driving progress in AI safety. | A well-constructed benchmark can propel innovation, but achieving it is challenging. The authors emphasize the need for clear evaluation criteria, minimal barriers to entry, and an understanding of the community's needs. By focusing on these aspects, developers can create benchmarks that not only measure performance but also guide the evolution of AI technologies. | For AI developers, understanding how to create and utilize effective metrics is essential. It ensures your models are evaluated accurately, allowing for meaningful improvements and advancements. The process of benchmark design requires humility and attentiveness, ultimately contributing to a safer and more effective AI ecosystem. | Explore more about this in their detailed blog post: [Devising ML Metrics](https://cais.technology/blog/devising-ml-metrics).","The response effectively summarizes the importance of machine learning metrics and benchmarks without using promotional language. It maintains concise sentences and avoids excessive adjectives. However, it does include a call to action at the end which could be perceived as slightly promotional. Overall, it meets most of the criteria well.",4
Timestamp,Original Text,Link,Info Bites,Eval Explanation,Eval Rating
2024-08-12 14:38:14,"dope article on how to build a good benchmark

<https://www.safe.ai/blog/devising-ml-metrics>",https://www.safe.ai/blog/devising-ml-metrics,"Devising Effective ML Metrics for Progress üöÄüìä | Dan Hendrycks and Thomas Woodside discuss the importance of well-defined metrics in AI research. They emphasize that benchmarks must capture progress while being user-friendly. | Key takeaways for AI developers: | - Clear evaluation is essential; use large datasets to detect even 1% improvements. | - Stick to standard metrics to enhance adoption. | - Design benchmarks with minimal barriers to entry, ensuring ease of use and clear documentation. | - Aim for multiple sources of variability to better reflect real-world complexities. | Investing time in effective benchmarks drives innovation and helps the community advance safety and performance in AI. Read more about creating impactful metrics here: [CAIS Blog](https://cais.ai/blog/devising-ml-metrics)","The response clearly articulates the importance of metrics in AI research without being overly promotional. The key takeaways are concise and focused, minimizing unnecessary adjectives. However, it does use a couple of general claims that could be more specific. Overall, it meets most criteria well.",4
2024-08-12 14:38:14,"dope article on how to build a good benchmark

<https://www.safe.ai/blog/devising-ml-metrics>",https://www.safe.ai/blog/devising-ml-metrics,"Metrics shape the foundation of machine learning progress. The recent insights from CAIS on devising effective ML metrics highlight the importance of establishing clear benchmarks that resonate with the research community. | Well-defined metrics not only drive performance improvements but also ensure that advancements are meaningful and applicable to real-world problems. The challenges of creating impactful benchmarks are significant; they require careful consideration of numerous factors, such as dataset size, evaluation clarity, and barriers to entry. | As an AI developer, understanding these principles can enhance your ability to evaluate and improve your models. Adopting robust metrics can lead to more reliable outcomes and a clearer path to innovation. | For those invested in AI safety and efficacy, these insights are critical. Building benchmarks that withstand the test of time and avoid pitfalls of gaming can significantly contribute to the development of safer and more effective AI systems. | Explore more about these concepts in the full CAIS blog post: [Devising ML Metrics](https://cais.ai/blog/devise-ml-metrics).","The response provides an informative perspective on machine learning metrics, but it includes complex language and unnecessary phrases that could be simplified. The message also hints at promotional content with the link to the CAIS blog post, which detracts from its neutrality. Overall, it lacks the concise and objective tone needed.",3
Timestamp,Original Text,Link,Info Bites,Eval Explanation,Eval Rating
2024-08-12 14:38:14,"dope article on how to build a good benchmark

<https://www.safe.ai/blog/devising-ml-metrics>",https://www.safe.ai/blog/devising-ml-metrics,"Devising ML Metrics for Impact üìä | In their blog, Dan Hendrycks and Thomas Woodside emphasize the importance of well-defined metrics in AI. Metrics not only shape the ML landscape but also drive progress in addressing significant challenges. | They outline key properties of effective benchmarks: clear evaluation, minimal barriers to entry, and the ability to capture real-world complexity. A solid benchmark allows researchers to detect small improvements reliably and encourages iterative advancement. | For AI developers, understanding these principles can lead to better model evaluation and a more significant impact on the field. | Dive into the insights here: https://cais.aisafety.org/devising-ml-metrics | Learn how to enhance your benchmarking strategies!","The response provides a clear summary of the blog while mentioning valuable insights. However, it leans towards being promotional at the end and lacks conciseness in some parts. A more straightforward approach without the call to action would improve it.",3
2024-08-12 14:38:14,"dope article on how to build a good benchmark

<https://www.safe.ai/blog/devising-ml-metrics>",https://www.safe.ai/blog/devising-ml-metrics,"Metrics are fundamental in the ML landscape, guiding research and innovation. To make strides in AI safety, developers need to understand how to construct effective benchmarks that truly reflect progress. | Dan Hendrycks and Thomas Woodside emphasize that successful benchmarks must have clear evaluation criteria, minimal barriers to entry, and the ability to capture real-world complexities. A well-designed benchmark allows for reliable detection of improvements and fosters community engagement. | AI developers should care about these insights because the right metrics not only influence project outcomes but also shape the research landscape. By aligning their tools with robust benchmarks, developers can contribute to meaningful advancements in AI safety and efficacy. | Explore the full discussion on devising effective ML metrics and learn how to enhance your evaluation frameworks: [CAIS Blog](https://www.cais.ai/blog/devising-ml-metrics).","The message effectively summarizes the importance of metrics in ML and provides specific insights without excessive adjectives or promotional language. However, it could be more concise and lacks focus on making general statements more specific.",4
2024-08-12 14:38:14,"dope article on how to build a good benchmark

<https://www.safe.ai/blog/devising-ml-metrics>",https://www.safe.ai/blog/devising-ml-metrics,"Devising ML Metrics for Effective Benchmarks üìäüîç | In their insightful blog post, Dan Hendrycks and Thomas Woodside emphasize the importance of well-defined benchmarks in machine learning. They argue that metrics shape the field; thus, creating impactful benchmarks that correlate with relevant problems is crucial for progress. | Key takeaways include: | - Ensure clear evaluation with large datasets for detectable improvements. | - Use standard metrics familiar to the field to increase adoption. | - Minimize barriers to entry by providing accessible software and documentation. | AI developers should care about this content because effective benchmarks can guide their research and development efforts, leading to better performance and more reliable AI systems. Read more here: [CAIS Blog](https://cais.ai/blog/devising-ml-metrics).","The response provides useful information about ML benchmarks but includes phrases that can sound promotional, like 'insightful blog post' and 'AI developers should care.' Some sentences could be more concise. Overall, it meets some criteria but not all.",3
2024-08-12 14:38:14,"dope article on how to build a good benchmark

<https://www.safe.ai/blog/devising-ml-metrics>",https://www.safe.ai/blog/devising-ml-metrics,"Metrics are foundational in machine learning, shaping our understanding and guiding advancements. Dan Hendrycks and Thomas Woodside emphasize the need for clear, practical benchmarks that can drive progress in AI safety. | A successful benchmark should facilitate reliable evaluations, be easy to use, and provide a clear understanding of performance‚Äîmaking it easier for researchers to identify areas for improvement. For AI developers, this translates directly to building more reliable and effective models. | Key takeaways include: | - Clear evaluation criteria with sufficient dataset sizes ensure meaningful progress. | - Standardized metrics help maintain consistency across research efforts. | - Minimizing barriers to entry fosters wider adoption of benchmarking tools. | As the AI landscape continues to evolve, understanding and implementing robust metrics is crucial for developers looking to enhance their applications. This knowledge not only supports individual projects but also contributes to the broader field of AI safety. | For a deeper exploration of these concepts, check out the full post here: [Devising ML Metrics](https://example.com)","The response is informative and focuses on the importance of metrics in machine learning without overly promotional language. However, the initial assertions could be perceived as somewhat general without specific examples or details. The list format effectively summarizes the key points, enhancing clarity. Overall, the writing is concise but could benefit from a more straightforward presentation of ideas without some of the overarching claims.",4
2024-08-12 14:38:14,"dope article on how to build a good benchmark

<https://www.safe.ai/blog/devising-ml-metrics>",https://www.safe.ai/blog/devising-ml-metrics,"Understanding ML Metrics for AI Development üìäüöÄ | Dan Hendrycks and Thomas Woodside from CAIS emphasize that metrics shape the ML landscape. They argue that defining effective benchmarks is key to making progress in AI safety and performance. Strong benchmarks need clear evaluation methods, minimal barriers to entry, and a focus on multiple sources of variability. | AI developers should care because well-defined metrics can lead to more impactful research and innovations. By creating benchmarks that are easy to use and understand, developers can better assess their models and drive meaningful advancements. | Dive into the full insights here: https://cais.org/devising-ml-metrics | #AI #MachineLearning #AIResearch #Metrics","The response provides a clear overview of the importance of metrics in AI development without excessive embellishments. It avoids overly promotional language and presents a focused argument without general claims. However, it could improve by omitting hashtags and the link at the end, which slightly detracts from its conciseness.",4
2024-08-12 14:38:14,"dope article on how to build a good benchmark

<https://www.safe.ai/blog/devising-ml-metrics>",https://www.safe.ai/blog/devising-ml-metrics,"Metrics are crucial in the machine learning landscape. They not only define progress but also shape the research landscape. The recent insights from Dan Hendrycks and Thomas Woodside emphasize the importance of well-crafted benchmarks to guide AI development. | Effective benchmarks should have clear evaluation criteria, a large enough dataset for reliable results, and a standard metric for consistency. They must minimize barriers to entry and be designed with foresight, anticipating future advancements in the field. The process of designing benchmarks is complex and requires understanding the community, as well as incorporating multiple sources of variability to avoid gaming the system. | For AI developers, understanding these principles can drive better model evaluation and foster innovation. By focusing on robust benchmarks, developers can ensure their models are not only performing well in controlled environments but are also prepared for the complexities of real-world applications. | Explore the full discussion on developing effective ML metrics here: [CAIS Blog](https://www.cais.org/blog/devising-ml-metrics)","The response provides a clear overview of the importance of metrics in machine learning without using overly promotional language. The sentences are concise and focus on substantial information rather than general claims. However, it could further reduce complexity in some phrases. Overall, it balances detail with straightforwardness well.",4
2024-08-12 14:38:14,"dope article on how to build a good benchmark

<https://www.safe.ai/blog/devising-ml-metrics>",https://www.safe.ai/blog/devising-ml-metrics,"Building Better ML Benchmarks üìä | Dan Hendrycks and Thomas Woodside from CAIS dive into the essential role of metrics in machine learning. Their insights highlight how well-defined benchmarks can drive progress and foster innovation in AI. | Key takeaways for AI developers: | - Good benchmarks have clear evaluation criteria, allowing for reliable progress detection. | - Avoid barriers to entry; clean code and documentation matter. | - Incorporate multiple sources of variability to make metrics robust and less gameable. | Understanding the intricacies of benchmark design can significantly enhance the effectiveness of your AI applications and help you stay relevant in a rapidly evolving field. | Explore more about ML metrics and their impact: https://www.cais.ai/blog/devising-ml-metrics","The response provides clear information about the importance of machine learning benchmarks without unnecessary jargon. However, it indirectly promotes further reading by including a link, which can be seen as a salesy touch. Some sentences could be more concise.",3
2024-08-12 14:38:14,"dope article on how to build a good benchmark

<https://www.safe.ai/blog/devising-ml-metrics>",https://www.safe.ai/blog/devising-ml-metrics,"Metrics play a crucial role in machine learning. They shape the direction of research and innovation in AI. The recent insights from Dan Hendrycks and Thomas Woodside on creating effective ML benchmarks highlight key factors to consider when developing metrics that truly drive progress. | Clear evaluation is paramount. A benchmark should have enough data to detect incremental improvements. Using standard metrics is essential to ensure usability and acceptance within the research community. Additionally, benchmarks should minimize barriers to entry, making it easy for researchers to engage without significant overhead. | Understanding the community is also critical. Researchers should be involved in the design process to ensure benchmarks address real needs and challenges. This collaborative approach not only makes benchmarks more relevant but also enhances their impact. | For AI developers, adopting these principles in your evaluation processes can lead to more reliable and usable models. As the field evolves, so must our methods of measurement. Embracing these insights could very well be the key to advancing AI applications effectively. | Read more on the CAIS blog: [Devising ML Metrics](https://cais.technology).","The response contains concise sentences and avoids overly flowery language. It does not come off as overly promotional or salesy and refrains from making general claims. However, it subtly implies the advantages of adopting certain principles without being overly specific. There is a slight hint of generalization when discussing advancing AI applications. Overall, it's informative but could be more focused.",4
2024-08-12 14:38:14,"dope article on how to build a good benchmark

<https://www.safe.ai/blog/devising-ml-metrics>",https://www.safe.ai/blog/devising-ml-metrics,Creating Effective ML Benchmarks üìäüîç | Dan Hendrycks and Thomas Woodside from @CAIS_AI provide key insights on designing impactful ML metrics. They emphasize that good benchmarks are crucial for driving progress in AI research. | Key takeaways: | ‚úÖ Use a large dataset to detect small improvements reliably. | ‚úÖ Standardize metrics to ensure clarity and comparability. | ‚úÖ Minimize barriers to entry with user-friendly software and clear documentation. | ‚úÖ Aim for simplicity by reporting performance with a single number. | ‚úÖ Include diverse data sources to enhance robustness and variability. | Understanding these principles helps AI developers create benchmarks that truly reflect performance and foster innovation. Dive into the full post for a deeper understanding! | Read more: [CAIS Blog](https://safe.ai),"The response is informative and contains clear, concise sentences. It avoids overly promotional language and directly conveys key insights about ML benchmarks. However, the call to action at the end, though relevant, makes it slightly promotional. Overall, it aligns well with the criteria.",4
2024-08-12 14:38:14,"dope article on how to build a good benchmark

<https://www.safe.ai/blog/devising-ml-metrics>",https://www.safe.ai/blog/devising-ml-metrics,"Metrics shape the landscape of machine learning. For AI developers, understanding how to devise effective metrics is essential for driving progress and influencing the field. | The process of creating benchmarks is intricate. It requires clarity in evaluation, minimal barriers to entry, and a keen understanding of the community's needs. A well-designed benchmark should enable researchers to detect small improvements and remain objective over time. This ensures that the benchmarks are not only useful but also adopted widely. | Consider the importance of using a large enough dataset to reliably assess improvements. The choice of standard metrics is also crucial; aligning with established norms increases the likelihood of adoption. Furthermore, a benchmark's design must reflect real-world challenges, allowing researchers to push the boundaries of what's possible. | AI developers should prioritize the creation of benchmarks that are easy to use and understand, as this directly impacts their utility. By focusing on these principles, you can contribute to a more robust and innovative AI ecosystem. | For a deeper dive into the intricacies of ML metrics and benchmarks, check out the insightful blog by Dan Hendrycks and Thomas Woodside at CAIS: [Devising ML Metrics](https://cais.ai/blog/devising-ml-metrics).","The response provides clear and relevant information about metrics and benchmarks in machine learning without being overly promotional or flowery. However, it contains some general claims about benchmarking and the importance of guidelines that could be made more specific. Overall, the sentences are concise, and the message not overly salesy, which supports its clarity. Still, some parts could use more precision.",4
2024-08-12 14:38:14,"dope article on how to build a good benchmark

<https://www.safe.ai/blog/devising-ml-metrics>",https://www.safe.ai/blog/devising-ml-metrics,"Building Effective ML Benchmarks üìäüîç | Dan Hendrycks and Thomas Woodside from @CAIS_AI dive into the crucial role of metrics in ML research. They emphasize that well-defined benchmarks can drive progress by capturing attention and fostering innovation in AI applications. | Key insights: | - Clear evaluations and standard metrics are essential for reliability. | - Minimize barriers for researchers to engage with benchmarks. | - Include multiple sources of variability for robustness in testing. | Understanding how to create effective benchmarks can help AI developers align their work with community standards, ensuring meaningful impact. | Read more: [CAIS Blog](https://cais.ai/blog/devise-ml-metrics)","The response conveys key points about ML benchmarks clearly but contains some phrases that could be trimmed for conciseness. It does not heavily use promotional language, but the mention of 'meaningful impact' feels slightly general. Overall, it maintains focus on the topic without excessive adjectives or adverbs.",3
2024-08-12 14:38:14,"dope article on how to build a good benchmark

<https://www.safe.ai/blog/devising-ml-metrics>",https://www.safe.ai/blog/devising-ml-metrics,"Metrics shape the landscape of machine learning. For AI developers, understanding how to devise effective ML metrics is essential for driving innovation and measuring progress accurately. | Dan Hendrycks and Thomas Woodside highlight the complexities of benchmark design, emphasizing that a well-constructed benchmark can significantly influence research and application outcomes. Key considerations include clarity in evaluation, minimal barriers to entry, and the need for benchmarks to evolve with the field. | By applying these insights, AI developers can create benchmarks that are not only robust but also aligned with real-world challenges. This fosters an environment where continuous improvement is possible, ultimately leading to safer and more effective AI applications. | Engaging with this content can help developers refine their evaluation strategies and contribute to a more rigorous AI landscape. | Read more about their findings and methodologies here: [CAIS Blog](https://cais.ai/blog/devising-ml-metrics)","The response provides a clear overview of the importance of metrics in machine learning without excessive promotional language. However, it contains some complex phrases and lacks conciseness in certain parts. The sentence structure could be simplified for better clarity.",3
2024-08-12 14:38:14,"dope article on how to build a good benchmark

<https://www.safe.ai/blog/devising-ml-metrics>",https://www.safe.ai/blog/devising-ml-metrics,"Devising Effective ML Metrics üìäüîç | Dan Hendrycks and Thomas Woodside highlight the importance of solid benchmarks in AI development. They explain how metrics shape progress and why developers should care about crafting them carefully. | Key takeaways: | - Benchmarks need clear evaluation criteria and standardized metrics for reliability. | - Aim for minimal barriers to entry; good documentation and ease of use are critical. | - Incorporate multiple sources of variability to ensure robustness and avoid gaming. | Understanding and implementing these principles can enhance the evaluation of AI models, helping developers create more effective, reliable applications. | Explore the insights: https://cais.ai/blog/devising-ml-metrics","The response summarizes the main points clearly and concisely without using flowery language. It avoids overly promotional tone and does not make sweeping generalizations. Each point is specific and provides clear insights into the topic. Overall, it adheres well to the criteria.",5
2024-08-12 14:38:14,"dope article on how to build a good benchmark

<https://www.safe.ai/blog/devising-ml-metrics>",https://www.safe.ai/blog/devising-ml-metrics,"AI developers should pay attention to the importance of well-defined metrics in machine learning. The blog by Dan Hendrycks and Thomas Woodside emphasizes that metrics are fundamental to driving progress in AI. By establishing clear benchmarks, developers can align their efforts with industry standards and ensure their innovations are impactful. | Creating effective benchmarks involves understanding multiple properties, such as having a large dataset for reliable evaluations and minimizing barriers to entry. Low usage of a benchmark can often stem from its complexity or lack of clarity, which can stifle collaboration and innovation. | Moreover, the blog highlights the need for continual evolution in benchmark design to avoid being gamed and to facilitate real-world applicability. Understanding how to develop these metrics not only helps in creating robust models but also fosters a culture of accountability and progress within the AI community. | For AI practitioners, embracing these insights can enhance the quality of their work and contribute to the broader goal of advancing safe and effective AI applications.","The response provides a clear overview of the importance of metrics in AI development. It avoids overly promotional language and maintains a straightforward tone. The sentences are concise, though some could be simplified further. Overall, it effectively conveys the essential points without sounding general or flowery.",4
2024-08-12 14:38:14,"dope article on how to build a good benchmark

<https://www.safe.ai/blog/devising-ml-metrics>",https://www.safe.ai/blog/devising-ml-metrics,"Defining ML Metrics for Progress üìä‚ú® | In their blog post, Dan Hendrycks and Thomas Woodside emphasize the critical role of benchmarks in machine learning. They argue that effective metrics can drive innovation and influence the field. However, creating impactful benchmarks is challenging due to their complex nature. | Key insights include: | - Clear evaluation criteria are essential. Use large datasets and standard metrics. | - Minimize barriers to entry. Well-documented, user-friendly software is key. | - Design benchmarks with variability to capture real-world complexities. | For AI developers, understanding and implementing these principles can lead to more robust models and improved progress in ML research. Explore the full post for deeper insights: [CAIS Blog](https://cais.org/blog/devising-ml-metrics).","The response summarizes key points effectively and presents them in a structured manner. However, it slightly overuses adjectives and could reduce promotional undertones. A more straightforward tone without the call to action would improve it.",3
2024-08-12 14:38:14,"dope article on how to build a good benchmark

<https://www.safe.ai/blog/devising-ml-metrics>",https://www.safe.ai/blog/devising-ml-metrics,"Metrics play a critical role in advancing machine learning. The recent insights from Dan Hendrycks and Thomas Woodside highlight the importance of well-defined benchmarks in the field of AI safety. | Building effective benchmarks is challenging. They need to balance clarity, ease of use, and relevance to real-world problems. The authors emphasize that a good benchmark should facilitate reliable progress detection, minimize barriers to entry, and maintain objectivity over time. This ensures that researchers can focus on meaningful advancements rather than getting bogged down by complex evaluation processes. | For AI developers, understanding how to leverage robust benchmarks can lead to more reliable models and improved outcomes in real-world applications. By aligning your evaluation strategies with these principles, you can better navigate the complexities of AI and contribute to safer and more effective systems. | Read the full discussion on metrics and their implications for AI development here: [Link to the article]","The response provides a clear and concise summary of the importance of metrics and benchmarks in machine learning, avoiding flowery language and promotional tones. It explains the challenges of building effective benchmarks and what makes them valuable. However, the sentence structure could be slightly tightened for even more brevity. Overall, it meets the criteria well.",4
2024-08-12 14:38:14,"dope article on how to build a good benchmark

<https://www.safe.ai/blog/devising-ml-metrics>",https://www.safe.ai/blog/devising-ml-metrics,"Devising ML Metrics for Progress üìä‚öôÔ∏è | Dan Hendrycks and Thomas Woodside from @CAISafety delve into the crucial role of metrics in machine learning. They emphasize that effective benchmarks are key to driving innovation and capturing attention in AI research. | This insightful piece outlines how to create impactful benchmarks, highlighting the need for clear evaluation, minimal barriers to entry, and a focus on real-world applications. By understanding these principles, AI developers can design better models that truly advance the field. | Learn how to avoid common pitfalls and leverage existing benchmarks to enhance your projects. Metrics matter‚Äîlet's make them count! | Read more here: [CAIS Blog](https://www.cais.ai)","The response provides a clear overview of the article's content without excessive adjectives or promotional language. However, it still carries a slightly promotional tone with phrases like 'let's make them count,' which detracts from the neutrality required. It also contains general claims about the necessity of benchmarks without specific examples. The sentences are concise overall.",3
2024-08-12 14:38:14,"dope article on how to build a good benchmark

<https://www.safe.ai/blog/devising-ml-metrics>",https://www.safe.ai/blog/devising-ml-metrics,"Metrics are essential in machine learning, shaping the field's direction and innovations. Dan Hendrycks and Thomas Woodside emphasize that to drive progress in AI safety, we need well-defined metrics and benchmarks. | Building effective benchmarks is challenging. The authors highlight the need for clear evaluation criteria‚Äîlarge datasets, standard metrics, and recognizable performance ceilings. This clarity allows researchers to detect small improvements and fosters iterative progress. | Equally important is minimizing barriers to entry. Simplified access, streamlined software, and clear communication can significantly enhance a benchmark's adoption. A benchmark should be designed to facilitate exploration and discovery rather than hinder it. | AI developers should care about these insights. Crafting better metrics and benchmarks can directly influence the effectiveness of their models and research efforts. By adopting these principles, developers can contribute to a more robust AI ecosystem, ultimately enhancing safety and performance in real-world applications. | Explore more about effective benchmark design in the full article.","The response provides clear insights into the importance of metrics and benchmarks in machine learning. It maintains a concise style without excessive adjectives, avoiding promotional tone. However, it could benefit from fewer general claims and a more straightforward conclusion. The phrase 'explore more about effective benchmark design' feels promotional. Overall, coherent but slightly general.",3
2024-08-12 14:38:14,"dope article on how to build a good benchmark

<https://www.safe.ai/blog/devising-ml-metrics>",https://www.safe.ai/blog/devising-ml-metrics,"Designing effective ML metrics is crucial for influencing the field of AI, as highlighted in a recent blog by @DanHendrycks and @ThomasWoodside. Good benchmarks can drive progress but come with challenges like power law outcomes and the need for clear evaluation standards. They emphasize the importance of having a sufficient dataset size, objective comparisons, and minimal barriers to entry. | By focusing on these aspects, AI developers can ensure their benchmarks are impactful and widely adopted. This can lead to more reliable evaluations of model performance and foster innovation in AI safety. Understanding how to effectively design metrics is a vital skill for anyone working in AI. | Read more about it here: [CAIS Blog](https://cais.ai/blog/devising-ml-metrics)","The response presents information clearly but could be more concise. It mentions the importance of metrics without using excessive adjectives or promotional language. However, it still contains some general claims which could be more specific.",3
2024-08-12 14:38:14,"dope article on how to build a good benchmark

<https://www.safe.ai/blog/devising-ml-metrics>",https://www.safe.ai/blog/devising-ml-metrics,"Metrics are pivotal in the machine learning landscape, shaping how we assess progress and influence the field. The recent insights from CAIS highlight the importance of well-defined metrics and benchmarks to drive advancements in AI safety. | Developing effective benchmarks involves a careful balance of clarity, minimal barriers to entry, and adaptability. Researchers need benchmarks that reliably measure progress, are easy to use, and can be compared across time. The challenge lies in transforming nebulous ideas into precise, actionable metrics that the community can rally around. | For AI developers, understanding these principles is essential. A well-designed benchmark not only validates your model's performance but also positions your work within the broader research context, ensuring that it can be effectively communicated and built upon. This is a crucial step in contributing to the advancement of AI safety and reliability. | Explore the full discussion on devising ML metrics here: [CAIS Blog](https://example.com)","The response contains some concise sentences but fails to eliminate all promotional tone and florid language. It makes general claims about the importance of metrics and does not strictly adhere to the request for minimal adjectives and adverbs. Overall, it provides useful insights, but the effectiveness is diminished by these issues.",3
2024-08-12 14:38:14,"dope article on how to build a good benchmark

<https://www.safe.ai/blog/devising-ml-metrics>",https://www.safe.ai/blog/devising-ml-metrics,"Creating Effective ML Benchmarks üìä‚ú® | Dan Hendrycks and Thomas Woodside emphasize that well-defined metrics are essential for driving progress in AI and ML research. Their insights reveal that successful benchmarks must exhibit clear evaluation criteria, be user-friendly, and provide meaningful comparisons over time. | Key takeaways for AI developers: | - Use large datasets to detect small improvements, ideally thousands of test examples. | - Aim for benchmarks that are easy to use and require minimal barriers to entry. | - Focus on multiple sources of variability to ensure robustness and real-world applicability. | Understanding these principles can help you build better models and contribute to meaningful advancements in AI. | Read more: https://cais.earth/blog/devising-ml-metrics","The response presents information clearly and concisely while avoiding flowery language and salesy tones. It summarizes important points effectively without excessive adjectives or general claims, making it useful for AI developers.",5
2024-08-12 14:38:14,"dope article on how to build a good benchmark

<https://www.safe.ai/blog/devising-ml-metrics>",https://www.safe.ai/blog/devising-ml-metrics,"Metrics are foundational in machine learning, guiding progress and innovation. Dan Hendrycks and Thomas Woodside highlight the importance of well-structured benchmarks to drive advancements in AI safety. | AI developers should care about this because effective benchmarks can significantly influence project outcomes. Clear evaluation criteria and minimal barriers to entry are essential for widespread adoption and improvement. The authors emphasize that successful benchmarks need a balance of complexity and clarity, as well as the ability to adapt to evolving challenges in the field. | By understanding and implementing these principles, AI developers can create more reliable models that truly address real-world problems. This approach not only enhances individual projects but also contributes to the broader AI landscape. | Explore the full insights on devising ML metrics here: [CAIS Blog](https://www.cais.ai/blog/devising-ml-metrics)","The response discusses the importance of metrics in machine learning clearly, maintaining focus on benchmarks without excessive adjectives. It avoids promotional language and general claims, although the call to explore further could be seen as slightly overstepping. Overall, it meets the criteria well.",4
2024-08-12 14:38:14,"dope article on how to build a good benchmark

<https://www.safe.ai/blog/devising-ml-metrics>",https://www.safe.ai/blog/devising-ml-metrics,"Designing Effective ML Benchmarks üìä | Dan Hendrycks and Thomas Woodside from CAIS emphasize the pivotal role of metrics in ML. They argue that well-defined benchmarks can drive research, but crafting them is complex. Key takeaways include ensuring clear evaluation, minimal barriers to entry, and incorporating variability to avoid gaming. | For AI developers, understanding effective benchmarking can streamline your development process and enhance model performance. Focus on creating benchmarks that are user-friendly, objective, and reflective of real-world problems. | Explore more about building impactful metrics: https://cais.technology/devising-ml-metrics | #AI #MachineLearning #Research","The response provides a clear overview of key points related to ML benchmarks without excessive embellishment. However, it still includes a link and hashtags, which can be seen as promotional. It lacks a specific focus on avoiding general claims, making it slightly less effective. Overall, it is concise but leans toward promotional language near the end.",3
2024-08-12 14:38:14,"dope article on how to build a good benchmark

<https://www.safe.ai/blog/devising-ml-metrics>",https://www.safe.ai/blog/devising-ml-metrics,"Metrics are the backbone of machine learning; they drive the field forward. The piece from CAIS emphasizes the importance of establishing robust benchmarks to gauge progress effectively. For AI developers, understanding how to create and utilize these metrics can directly influence the success of their projects. | Key takeaways include the necessity of clear evaluation criteria, the importance of minimal barriers to entry, and the value of maintaining a focus on real-world applicability. Well-designed benchmarks not only provide clarity but also foster innovation by encouraging researchers to push the boundaries of what's achievable. | Adopting these principles can enhance your evaluation processes and ensure that your models are not just performing well in theory, but are also robust and effective in practice. The right metrics can make the difference between iterative improvement and stagnation in your AI initiatives. | Dive into the full discussion on devising effective ML metrics here: https://lnkd.in/eHjhkkV9","The response presents informative insights on the importance of metrics in machine learning without using overly flowery language. However, it employs some adjectives and general claims such as 'foster innovation' and 'make the difference between iterative improvement and stagnation', which detracts from clarity. Furthermore, the call to action at the end could be seen as somewhat promotional, impacting its impartiality. Overall, it provides useful content but could be more concise and less promotional.",3
2024-08-12 14:38:14,"dope article on how to build a good benchmark

<https://www.safe.ai/blog/devising-ml-metrics>",https://www.safe.ai/blog/devising-ml-metrics,"Effective ML Metrics Matter üìä | Dan Hendrycks and Thomas Woodside from CAIS emphasize how metrics shape the ML landscape. Establishing meaningful benchmarks is key to driving progress and capturing researchers‚Äô attention. | They outline essential qualities for good benchmarks: | - Clear evaluation standards | - Minimal barriers to entry | - Stable, comparable metrics over time | AI developers should care about this because solid benchmarks can lead to better, more reliable models that directly impact their applications. Understanding the intricacies of benchmark design can enhance their work and ensure they're not just gaming the system. | Explore more about building effective ML metrics: https://cais.ai/blog/devise-ml-metrics","The response is clear and directly addresses the importance of ML metrics without excessive promotion. However, some sentences could be more concise. It avoids overly flowery language but still contains phrases that could be simplified. Overall, it meets many of the criteria well but has room for improvement in conciseness.",3
2024-08-12 14:38:14,"dope article on how to build a good benchmark

<https://www.safe.ai/blog/devising-ml-metrics>",https://www.safe.ai/blog/devising-ml-metrics,"Metrics are foundational to machine learning, influencing both development and evaluation. The recent blog post by Dan Hendrycks and Thomas Woodside highlights the critical role of well-defined benchmarks in driving progress in AI safety research. | Effective benchmarks must possess clear evaluation criteria, using large datasets and standard metrics to enable reliable assessments of model performance. They should be designed with minimal barriers to entry, ensuring that researchers can engage without unnecessary complications. This approach not only fosters collaboration but also helps maintain the focus on genuine advancements rather than manipulated results. | For AI developers, understanding how to devise and utilize these metrics is paramount. Incorporating robust benchmarks can lead to more reliable models and drive innovation in AI applications. As the landscape of AI evolves, so too must our metrics, guiding the community toward safer and more effective AI solutions. | Explore the full insights on benchmark design in the CAIS blog post: [Devising ML Metrics](https://www.cais.ai/blog/devising-ml-metrics).","The response provides a clear outline of the importance of metrics in machine learning without excessive embellishment. It maintains a professional tone and focuses on the significance of effective benchmarks. However, it includes some phrases that might come off as slightly promotional, such as 'drive progress in AI safety research' and 'fosters collaboration.' Overall, it is informative but could trim some details to enhance conciseness.",3
2024-08-12 14:38:14,"dope article on how to build a good benchmark

<https://www.safe.ai/blog/devising-ml-metrics>",https://www.safe.ai/blog/devising-ml-metrics,"Devising Effective ML Metrics üìäüîç | In their recent blog, Dan Hendrycks and Thomas Woodside explain why metrics are crucial in ML. Defining clear and impactful benchmarks can guide research progress and innovation. They emphasize the need for clear evaluations, minimal barriers to entry, and understanding the community‚Äôs needs when designing benchmarks. | For AI developers, this means that well-structured metrics can help you track improvements and align your models with real-world applications. Avoid pitfalls by focusing on simplicity and usability in your benchmarks. | Explore the full insights here: CAIS Blog: https://cais.ai/blog/devising-ml-metrics","The response clearly communicates the importance of metrics in machine learning without excessive language or promotional tone. It succinctly highlights key points without general claims, while providing useful insights for the target audience. However, the use of emojis could still detract from a more formal tone.",4
2024-08-12 14:38:14,"dope article on how to build a good benchmark

<https://www.safe.ai/blog/devising-ml-metrics>",https://www.safe.ai/blog/devising-ml-metrics,"Metrics are foundational in machine learning, shaping how we evaluate progress and set benchmarks. This essential read by Dan Hendrycks and Thomas Woodside highlights the intricacies of devising effective ML metrics, emphasizing that well-defined benchmarks can drive the field forward. | They outline key properties of successful benchmarks, including clear evaluation criteria and minimal barriers to entry. For AI developers, understanding these principles is crucial to ensure your models are tested against meaningful and evolving standards. | Effective benchmarks not only facilitate better performance tracking but also foster innovation by clearly defining areas for improvement. Adopting these insights can help you develop more robust AI applications that stand the test of real-world challenges. | Explore the full article for a deeper dive into crafting effective ML metrics and benchmarks: [Devising ML Metrics](https://cais.is/blog/devise-ml-metrics).","The response provides relevant information about machine learning metrics and benchmarks without over-promoting. However, it contains some unnecessary details and slightly flowery language that detracts from conciseness. It also implies a general claim that effective benchmarks foster innovation, which is not substantiated. Overall, it does well but could be simplified further.",3
2024-08-12 14:38:14,"dope article on how to build a good benchmark

<https://www.safe.ai/blog/devising-ml-metrics>",https://www.safe.ai/blog/devising-ml-metrics,"Metrics Matter in AI ü§ñüìä | Dan Hendrycks and Thomas Woodside from CAIS discuss the importance of well-defined ML metrics for driving progress in AI research. They emphasize that creating impactful benchmarks is challenging but essential for capturing attention and fostering innovation. Key takeaways include the need for clear evaluation standards, minimal barriers to entry, and the necessity of understanding the researcher community. | AI developers should care about this because effective metrics can help guide their work, ensuring that their contributions are recognized and that they are addressing meaningful problems. | Read the full insights here: https://cais.ai/blog/devising-ml-metrics | #AI #MachineLearning #AIResearch","The response clearly communicates the significance of well-defined metrics in AI research without excessive or flowery language. It avoids promotional tones and general claims, maintaining conciseness throughout. However, it provides a link that might detract from following the criteria of not sounding salesy. Overall, it's informative and relevant.",4
2024-08-12 14:38:14,"dope article on how to build a good benchmark

<https://www.safe.ai/blog/devising-ml-metrics>",https://www.safe.ai/blog/devising-ml-metrics,"Metrics are fundamental in machine learning, driving both research and practical applications. As AI developers, understanding how to devise effective metrics can significantly influence your projects' success. | The recent insights from CAIS highlight that well-defined benchmarks are essential for capturing attention and fostering progress in AI safety. Effective benchmarks require clarity in evaluation and minimal barriers to entry. This means using large datasets, standard metrics, and straightforward design to encourage widespread adoption. | A benchmark that is easy to use and understand can lead to rapid advancements, making it vital for developers to engage with these concepts. The emphasis on including variability and understanding community needs can further refine your approach, ensuring that your metrics align with real-world applications. | By grasping these principles, AI developers can enhance their models' performance and contribute to a safer AI landscape. Explore more on this topic to refine your benchmarks and drive meaningful progress in your AI applications. | Read more about devising ML metrics here: [source link]","The response explains the importance of metrics in machine learning and references the value of clear benchmarks. However, it occasionally uses a more promotional tone and includes some general claims, which detracts from conciseness. The inclusion of a source link is useful but does not align fully with the guidelines of avoiding salesy language.",3
2024-08-12 14:38:14,"dope article on how to build a good benchmark

<https://www.safe.ai/blog/devising-ml-metrics>",https://www.safe.ai/blog/devising-ml-metrics,"Devising ML Metrics for Impact üìä‚öôÔ∏è | Dan Hendrycks and Thomas Woodside from CAIS share crucial insights on creating effective ML benchmarks. Metrics shape the ML landscape, making it essential for AI developers to understand their design and implications. | Key takeaways: | - Establish clear evaluation metrics to track progress. | - Avoid high barriers to entry for benchmark use. | - Ensure benchmarks are objective and comparable over time. | - Incorporate multiple sources of variability to enhance robustness. | These principles help create benchmarks that are not only relevant but also drive meaningful advancements in AI, ultimately reducing risks associated with AI applications. | Explore the full discussion here: https://cais.org/blog/devising-ml-metrics","The response effectively presents key insights on ML metrics without excessive promotional language. It is concise and focuses on essential information. However, some points could be more direct. Overall, it meets most criteria well.",4
2024-08-12 14:38:14,"dope article on how to build a good benchmark

<https://www.safe.ai/blog/devising-ml-metrics>",https://www.safe.ai/blog/devising-ml-metrics,"Metrics play a critical role in the machine learning landscape. For AI developers, understanding how to devise effective ML metrics is essential for progressing in their projects and influencing the broader field. | Dan Hendrycks and Thomas Woodside highlight the complexities of benchmark creation. A well-designed benchmark requires clarity, minimal barriers to entry, and a focus on relevant, impactful metrics. Developers should prioritize benchmarks that are objective, easy to use, and capable of capturing meaningful progress. | Incorporating these principles can lead to better evaluation of models, ultimately driving innovation and improving the reliability of AI applications. By aligning with established benchmarks and fostering a culture of continuous improvement, developers can ensure their contributions resonate within the community. | Explore their insights in the full article: [CAIS Blog](https://cais.ai).","The response provides clear information about the importance of metrics in machine learning. However, it contains some promotional language and aspects that could be more concise. Overall, it conveys the main ideas but could be improved by reducing the use of adjectives and a less promotional tone regarding the article.",3
2024-08-12 14:38:14,"dope article on how to build a good benchmark

<https://www.safe.ai/blog/devising-ml-metrics>",https://www.safe.ai/blog/devising-ml-metrics,"Devising Effective ML Metrics üìäüîç | Dan Hendrycks and Thomas Woodside emphasize the importance of well-defined benchmarks in ML. Metrics shape progress in the field, so creating effective benchmarks is essential for driving research forward. | Key takeaways include: | - **Clear Evaluation**: Use large datasets and standard metrics to reliably track progress. | - **Minimal Barriers**: Ensure ease of use with good software and documentation. | - **Multiple Variability Sources**: Incorporate various data types to reduce gaming and reflect real-world scenarios. | For AI developers, understanding these principles can enhance model evaluation and foster innovation in your projects. Check out more insights on designing robust benchmarks. | Read more here: https://cais.ai/blog/devising-ml-metrics","The response provides clear information about ML metrics and their significance without excessive embellishment. The key takeaways are concise and informative, adhering to the criteria. However, it suggests checking out more insights, which borders on promotional language. Overall, it maintains a mostly neutral tone and direction.",4
2024-08-12 14:38:14,"dope article on how to build a good benchmark

<https://www.safe.ai/blog/devising-ml-metrics>",https://www.safe.ai/blog/devising-ml-metrics,"Metrics are crucial in machine learning, as they drive both research and practical applications. The insights from Dan Hendrycks and Thomas Woodside emphasize the importance of well-defined benchmarks to facilitate progress in the field. | Their analysis highlights that effective benchmarks should have clear evaluation criteria, minimal barriers to entry, and be designed with an understanding of the community's needs. A benchmark must be reliable enough to detect small improvements, maintain standard metrics, and provide a single, communicable performance number. These elements ensure that researchers can focus on meaningful advancements rather than getting bogged down by complex evaluation processes. | For AI developers, understanding how to devise and utilize these metrics is vital. Well-constructed benchmarks can accelerate model development and deployment, ensuring that your AI applications remain competitive and relevant. By aligning your evaluation methods with these principles, you can foster innovation and drive your projects toward success. | Explore more about benchmarking in ML and the nuances of effective evaluation: [CAIS Blog](https://safe.ai/blog)","The response provides a clear explanation of the importance of metrics in machine learning without excessive flowery language. However, it contains some promotional elements and could be more concise.",3
